{
  "project_info": {
    "project_number": "713266752035",
    "project_id": "auth-dad60",
    "storage_bucket": "auth-dad60.appspot.com"
  },
  "client": [
    {
      "client_info": {
        "mobilesdk_app_id": "1:713266752035:android:2bf72047b7106cbe42df96",
        "android_client_info": {
          "package_name": "com.example.authapp"
        }
      },
      "oauth_client": [
        {
          "client_id": "713266752035-9upp79o0aen6imlcm76hjd8gkn7tk2f2.apps.googleusercontent.com",
          "client_type": 3
        }
      ],
      "api_key": [
        {
          "current_key": "AIzaSyA6eYICYbhloJfDPKEpx8PGt3qmk37bmAM"
        }
      ],
      "services": {
        "appinvite_service": {
          "other_platform_oauth_client": [
            {
              "client_id": "713266752035-9upp79o0aen6imlcm76hjd8gkn7tk2f2.apps.googleusercontent.com",
              "client_type": 3
            }
          ]
        }
      }
    }
  ],
  "configuration_version": "1"
}